[
  {
    "first_name": "Ernie",
    "last_name": "Roncoroni",
    "email": "contact@growwest.com",
    "phone_number": "(530) 662-5442",
    "company_name": "Grow West",
    "address_line1": "201 East Street",
    "address_line2": "",
    "city": "Woodland",
    "state": "CA",
    "postal_code": "95776",
    "country": "USA",
    "isSupplier": true,
    "isCustomer": true
  },
  {
    "first_name": "John",
    "last_name": "Doe",
    "email": "info@bwcag.com",
    "phone_number": "(661) 831-3416",
    "company_name": "Buttonwillow Warehouse Co.",
    "address_line1": "14762 Pieri Rd",
    "address_line2": "",
    "city": "Bakersfield",
    "state": "CA",
    "postal_code": "93311",
    "country": "USA",
    "isSupplier": true,
    "isCustomer": false
  },
  {
    "first_name": "Jane",
    "last_name": "Smith",
    "email": "info@midvalleyag.com",
    "phone_number": "(209) 847-2266",
    "company_name": "Mid Valley Agricultural Services",
    "address_line1": "123 Main Street",
    "address_line2": "",
    "city": "Oakdale",
    "state": "CA",
    "postal_code": "95361",
    "country": "USA",
    "isSupplier": true,
    "isCustomer": false
  },
  {
    "first_name": "Richard",
    "last_name": "Bennett",
    "email": "info@garbennett.com",
    "phone_number": "(559) 638-6311",
    "company_name": "Gar Bennett LLC",
    "address_line1": "789 Agriculture Lane",
    "address_line2": "",
    "city": "Reedley",
    "state": "CA",
    "postal_code": "93654",
    "country": "USA",
    "isSupplier": true,
    "isCustomer": true
  },
  {
    "first_name": "Susan",
    "last_name": "Johnson",
    "email": "info@stanislausfarmsupply.com",
    "phone_number": "(209) 524-0351",
    "company_name": "Stanislaus Farm Supply",
    "address_line1": "456 Farm Road",
    "address_line2": "",
    "city": "Modesto",
    "state": "CA",
    "postal_code": "95358",
    "country": "USA",
    "isSupplier": true,
    "isCustomer": true
  },
  {
    "first_name": "John",
    "last_name": "Alexander",
    "email": "john.alexander@bucra.com",
    "phone_number": "530-555-1234",
    "company_name": "Butte County Rice Growers Association (BUCRA)",
    "address_line1": "123 Rice St",
    "address_line2": "",
    "city": "Richvale",
    "state": "CA",
    "postal_code": "95974",
    "country": "USA",
    "isSupplier": true,
    "isCustomer": false
  },
  {
    "first_name": "Jane",
    "last_name": "Smith",
    "email": "jane.smith@wonderfulcitrus.com",
    "phone_number": "661-555-5678",
    "company_name": "Wonderful Citrus LLC",
    "address_line1": "456 Orange Blvd",
    "address_line2": "",
    "city": "Delano",
    "state": "CA",
    "postal_code": "93215",
    "country": "USA",
    "isSupplier": true,
    "isCustomer": false
  },
  {
    "first_name": "Michael",
    "last_name": "Johnson",
    "email": "michael.johnson@netafimusa.com",
    "phone_number": "559-555-7890",
    "company_name": "Netafim USA",
    "address_line1": "789 Irrigation Way",
    "address_line2": "",
    "city": "Fresno",
    "state": "CA",
    "postal_code": "93711",
    "country": "USA",
    "isSupplier": true,
    "isCustomer": false
  },
  {
    "first_name": "Emily",
    "last_name": "Davis",
    "email": "emily.davis@laurelagwater.com",
    "phone_number": "661-555-2468",
    "company_name": "Laurel Ag & Water",
    "address_line1": "246 Water St",
    "address_line2": "",
    "city": "Bakersfield",
    "state": "CA",
    "postal_code": "93308",
    "country": "USA",
    "isSupplier": true,
    "isCustomer": false
  },
  {
    "first_name": "Chris",
    "last_name": "Brown",
    "email": "chris.brown@agritechnovation.com",
    "phone_number": "559-555-1357",
    "company_name": "Agri Technovation Global",
    "address_line1": "135 AgriTech Ave",
    "address_line2": "",
    "city": "Clovis",
    "state": "CA",
    "postal_code": "93612",
    "country": "USA",
    "isSupplier": true,
    "isCustomer": false
  },

  {
    "first_name": "John",
    "last_name": "Doe",
    "email": "johndoe@christopherranch.com",
    "phone_number": "408-847-1100",
    "company_name": "Christopher Ranch LLC",
    "address_line1": "305 Bloomfield Ave",
    "address_line2": "",
    "city": "Gilroy",
    "state": "CA",
    "postal_code": "95020",
    "country": "USA",
    "isSupplier": true,
    "isCustomer": false
  },
  {
    "first_name": "Jane",
    "last_name": "Smith",
    "email": "janesmith@pivotbio.com",
    "phone_number": "510-550-4900",
    "company_name": "Pivot Bio",
    "address_line1": "2929 7th St",
    "address_line2": "Suite 120",
    "city": "Berkeley",
    "state": "CA",
    "postal_code": "94710",
    "country": "USA",
    "isSupplier": true,
    "isCustomer": false
  },
  {
    "first_name": "Robert",
    "last_name": "Johnson",
    "email": "robertjohnson@farmlandlp.com",
    "phone_number": "415-986-7700",
    "company_name": "Farmland LP",
    "address_line1": "1 Ferry Building",
    "address_line2": "Suite 255",
    "city": "San Francisco",
    "state": "CA",
    "postal_code": "94111",
    "country": "USA",
    "isSupplier": false,
    "isCustomer": true
  },
  {
    "first_name": "Emily",
    "last_name": "Williams",
    "email": "emilywilliams@organicfertilizers.com",
    "phone_number": "559-584-6797",
    "company_name": "California Organic Fertilizers, Inc.",
    "address_line1": "10585 Industry Ave",
    "address_line2": "",
    "city": "Hanford",
    "state": "CA",
    "postal_code": "93230",
    "country": "USA",
    "isSupplier": true,
    "isCustomer": false
  },
  {
    "first_name": "Michael",
    "last_name": "Brown",
    "email": "michaelbrown@modestomilling.com",
    "phone_number": "209-523-9167",
    "company_name": "Modesto Milling",
    "address_line1": "5001 McHenry Ave",
    "address_line2": "",
    "city": "Empire",
    "state": "CA",
    "postal_code": "95319",
    "country": "USA",
    "isSupplier": true,
    "isCustomer": false
  },
  {
    "first_name": "Harold",
    "last_name": "Edwards",
    "email": "harold.edwards@limoneira.com",
    "phone_number": "805-525-5541",
    "company_name": "Limoneira",
    "address_line1": "1141 Cummings Road",
    "address_line2": "",
    "city": "Santa Paula",
    "state": "CA",
    "postal_code": "93060",
    "country": "USA",
    "isSupplier": false,
    "isCustomer": true
  },
  {
    "first_name": "Marcus",
    "last_name": "Venturo",
    "email": "marcus.venturo@oroagri.com",
    "phone_number": "559-442-4996",
    "company_name": "Oro Agri, Inc.",
    "address_line1": "2788 S Maple Ave",
    "address_line2": "",
    "city": "Fresno",
    "state": "CA",
    "postal_code": "93725",
    "country": "USA",
    "isSupplier": true,
    "isCustomer": false
  },
  {
    "first_name": "Sarah",
    "last_name": "Eckhoff",
    "email": "sarah.eckhoff@arcadiabio.com",
    "phone_number": "530-756-7077",
    "company_name": "Arcadia Biosciences",
    "address_line1": "202 Cousteau Place",
    "address_line2": "",
    "city": "Davis",
    "state": "CA",
    "postal_code": "95618",
    "country": "USA",
    "isSupplier": true,
    "isCustomer": false
  },
  {
    "first_name": "Mark",
    "last_name": "Wong",
    "email": "mark.wong@swseedco.com",
    "phone_number": "916-446-6000",
    "company_name": "S&W Seed Co.",
    "address_line1": "106 K Street",
    "address_line2": "",
    "city": "Sacramento",
    "state": "CA",
    "postal_code": "95814",
    "country": "USA",
    "isSupplier": true,
    "isCustomer": false
  },
  {
    "first_name": "James",
    "last_name": "Haas",
    "email": "james.haas@greengrotech.com",
    "phone_number": "714-373-9350",
    "company_name": "GreenGro Technologies, Inc.",
    "address_line1": "2028 S 20th St",
    "address_line2": "",
    "city": "Anaheim",
    "state": "CA",
    "postal_code": "92806",
    "country": "USA",
    "isSupplier": true,
    "isCustomer": false
  },

  {
    "first_name": "Landon",
    "last_name": "Carmichael",
    "email": "landon.carmichael@altmanplants.com",
    "phone_number": "760-123-4567",
    "company_name": "Altman Plants",
    "address_line1": "3742 Blue Sky Drive",
    "address_line2": "",
    "city": "Vista",
    "state": "CA",
    "postal_code": "92083",
    "country": "USA",
    "isSupplier": true,
    "isCustomer": false
  },
  {
    "first_name": "Isabella",
    "last_name": "Ventura",
    "email": "isabella.ventura@rivermaidtrading.com",
    "phone_number": "209-234-5678",
    "company_name": "Rivermaid Trading Co.",
    "address_line1": "1450 West Turner Road",
    "address_line2": "",
    "city": "Lodi",
    "state": "CA",
    "postal_code": "95242",
    "country": "USA",
    "isSupplier": true,
    "isCustomer": true
  },
  {
    "first_name": "Jaxon",
    "last_name": "Harrington",
    "email": "jaxon.harrington@terratechcorp.com",
    "phone_number": "949-345-6789",
    "company_name": "Terra Tech",
    "address_line1": "2040 Main Street",
    "address_line2": "Suite 225",
    "city": "Irvine",
    "state": "CA",
    "postal_code": "92614",
    "country": "USA",
    "isSupplier": true,
    "isCustomer": false
  },
  {
    "first_name": "Sophia",
    "last_name": "Lancaster",
    "email": "sophia.lancaster@medmen.com",
    "phone_number": "310-456-7890",
    "company_name": "MedMen Enterprises, Inc.",
    "address_line1": "10115 Jefferson Blvd",
    "address_line2": "",
    "city": "Culver City",
    "state": "CA",
    "postal_code": "90232",
    "country": "USA",
    "isSupplier": false,
    "isCustomer": true
  },
  {
    "first_name": "Ethan",
    "last_name": "Montgomery",
    "email": "ethan.montgomery@nativeseed.com",
    "phone_number": "805-567-8901",
    "company_name": "NativeSeed",
    "address_line1": "1251 Meadow View Lane",
    "address_line2": "",
    "city": "Carpinteria",
    "state": "CA",
    "postal_code": "93013",
    "country": "USA",
    "isSupplier": true,
    "isCustomer": false
  },
  {
    "first_name": "Erin",
    "last_name": "Cartwright",
    "email": "erin.cartwright@glasshousegroup.com",
    "phone_number": "562-123-4567",
    "company_name": "Glass House Group",
    "address_line1": "123 Greenhouse Blvd",
    "address_line2": "Suite 200",
    "city": "Long Beach",
    "state": "CA",
    "postal_code": "90802",
    "country": "USA",
    "isSupplier": false,
    "isCustomer": true
  },
  {
    "first_name": "Landon",
    "last_name": "Trevino",
    "email": "landon.trevino@chsinc.com",
    "phone_number": "651-987-6543",
    "company_name": "CHS Inc.",
    "address_line1": "456 Cooperative Way",
    "address_line2": "",
    "city": "Inver Grove Heights",
    "state": "MN",
    "postal_code": "55077",
    "country": "USA",
    "isSupplier": true,
    "isCustomer": true
  },
  {
    "first_name": "Felicia",
    "last_name": "Mendoza",
    "email": "felicia.mendoza@landuscoop.com",
    "phone_number": "515-321-7890",
    "company_name": "Landus Cooperative",
    "address_line1": "789 Farm Lane",
    "address_line2": "",
    "city": "Ames",
    "state": "IA",
    "postal_code": "50010",
    "country": "USA",
    "isSupplier": true,
    "isCustomer": true
  },
  {
    "first_name": "Wesley",
    "last_name": "Harper",
    "email": "wesley.harper@growmark.com",
    "phone_number": "309-456-7890",
    "company_name": "GROWMARK, Inc.",
    "address_line1": "101 Agronomy St",
    "address_line2": "",
    "city": "Bloomington",
    "state": "IL",
    "postal_code": "61701",
    "country": "USA",
    "isSupplier": true,
    "isCustomer": true
  },
  {
    "first_name": "Monica",
    "last_name": "Vasquez",
    "email": "monica.vasquez@agtegra.com",
    "phone_number": "605-123-7890",
    "company_name": "Agtegra Cooperative",
    "address_line1": "202 Grain Rd",
    "address_line2": "Suite 300",
    "city": "Aberdeen",
    "state": "SD",
    "postal_code": "57401",
    "country": "USA",
    "isSupplier": true,
    "isCustomer": true
  },

  {
    "first_name": "Evan",
    "last_name": "Beckwith",
    "email": "evan.beckwith@heartlandcoop.com",
    "phone_number": "515-555-1234",
    "company_name": "Heartland Co-op",
    "address_line1": "2829 Westown Pkwy",
    "address_line2": "",
    "city": "West Des Moines",
    "state": "IA",
    "postal_code": "50266",
    "country": "USA",
    "isSupplier": true,
    "isCustomer": false
  },
  {
    "first_name": "Amelia",
    "last_name": "Weinstein",
    "email": "amelia.weinstein@midwestfarmerscoop.com",
    "phone_number": "402-555-5678",
    "company_name": "Midwest Farmers Cooperative",
    "address_line1": "900 County Road 4",
    "address_line2": "",
    "city": "Elmwood",
    "state": "NE",
    "postal_code": "68349",
    "country": "USA",
    "isSupplier": true,
    "isCustomer": false
  },
  {
    "first_name": "Nathaniel",
    "last_name": "Durham",
    "email": "nathaniel.durham@frontiercoop.com",
    "phone_number": "402-555-9876",
    "company_name": "Frontier Cooperative",
    "address_line1": "2601 N 11th St",
    "address_line2": "",
    "city": "Lincoln",
    "state": "NE",
    "postal_code": "68521",
    "country": "USA",
    "isSupplier": true,
    "isCustomer": false
  },
  {
    "first_name": "Isabelle",
    "last_name": "Thurston",
    "email": "isabelle.thurston@cpicoop.com",
    "phone_number": "402-555-3456",
    "company_name": "CPI (Cooperative Producers, Inc.)",
    "address_line1": "1380 S Baltimore Ave",
    "address_line2": "",
    "city": "Hastings",
    "state": "NE",
    "postal_code": "68901",
    "country": "USA",
    "isSupplier": true,
    "isCustomer": false
  },
  {
    "first_name": "Lawrence",
    "last_name": "McAdams",
    "email": "lawrence.mcadams@crystalvalleycoop.com",
    "phone_number": "507-555-6789",
    "company_name": "Crystal Valley Cooperative",
    "address_line1": "721 W Humphrey St",
    "address_line2": "",
    "city": "Lake Crystal",
    "state": "MN",
    "postal_code": "56055",
    "country": "USA",
    "isSupplier": true,
    "isCustomer": false
  },
  {
    "first_name": "Liam",
    "last_name": "Abernathy",
    "email": "liam.abernathy@keycoop.com",
    "phone_number": "515-555-1234",
    "company_name": "Key Cooperative",
    "address_line1": "1401 W F Ave",
    "address_line2": "",
    "city": "Nevada",
    "state": "IA",
    "postal_code": "50201",
    "country": "USA",
    "isSupplier": true,
    "isCustomer": false
  },
  {
    "first_name": "Fiona",
    "last_name": "Mccormick",
    "email": "fiona.mccormick@greenstonefcs.com",
    "phone_number": "517-555-5678",
    "company_name": "GreenStone Farm Credit Services",
    "address_line1": "3515 West Rd",
    "address_line2": "",
    "city": "East Lansing",
    "state": "MI",
    "postal_code": "48823",
    "country": "USA",
    "isSupplier": false,
    "isCustomer": true
  },
  {
    "first_name": "Nathaniel",
    "last_name": "Huxley",
    "email": "nathaniel.huxley@coopelevator.com",
    "phone_number": "989-555-8765",
    "company_name": "Cooperative Elevator Co.",
    "address_line1": "7211 E Michigan Ave",
    "address_line2": "",
    "city": "Pigeon",
    "state": "MI",
    "postal_code": "48755",
    "country": "USA",
    "isSupplier": true,
    "isCustomer": false
  },
  {
    "first_name": "Genevieve",
    "last_name": "Devereux",
    "email": "genevieve.devereux@sunriseco-op.com",
    "phone_number": "419-555-2345",
    "company_name": "Sunrise Cooperative",
    "address_line1": "700 Broadway St",
    "address_line2": "",
    "city": "Fremont",
    "state": "OH",
    "postal_code": "43420",
    "country": "USA",
    "isSupplier": true,
    "isCustomer": false
  },
  {
    "first_name": "Thaddeus",
    "last_name": "Finch",
    "email": "thaddeus.finch@andersonsinc.com",
    "phone_number": "419-555-3456",
    "company_name": "The Andersons, Inc.",
    "address_line1": "1947 Briarfield Blvd",
    "address_line2": "",
    "city": "Maumee",
    "state": "OH",
    "postal_code": "43537",
    "country": "USA",
    "isSupplier": true,
    "isCustomer": false
  },

  {
    "first_name": "Tristan",
    "last_name": "Valencourt",
    "email": "tristan.valencourt@unitedprairie.com",
    "phone_number": "217-555-1234",
    "company_name": "United Prairie LLC",
    "address_line1": "123 Agronomy St",
    "address_line2": "",
    "city": "Tolono",
    "state": "IL",
    "postal_code": "61880",
    "country": "USA",
    "isSupplier": true,
    "isCustomer": true
  },
  {
    "first_name": "Lucinda",
    "last_name": "Winslow",
    "email": "lucinda.winslow@mkcoop.com",
    "phone_number": "620-555-5678",
    "company_name": "Mid-Kansas Cooperative",
    "address_line1": "456 Grain Rd",
    "address_line2": "",
    "city": "Moundridge",
    "state": "KS",
    "postal_code": "67107",
    "country": "USA",
    "isSupplier": true,
    "isCustomer": true
  },
  {
    "first_name": "Eamon",
    "last_name": "Hartwell",
    "email": "eamon.hartwell@cvacoop.com",
    "phone_number": "402-555-9101",
    "company_name": "Central Valley Ag Cooperative",
    "address_line1": "789 Crop Blvd",
    "address_line2": "",
    "city": "York",
    "state": "NE",
    "postal_code": "68467",
    "country": "USA",
    "isSupplier": true,
    "isCustomer": true
  },
  {
    "first_name": "Bryony",
    "last_name": "Taverner",
    "email": "bryony.taverner@scc.coop",
    "phone_number": "641-555-1122",
    "company_name": "South Central Cooperative",
    "address_line1": "321 Feed Ave",
    "address_line2": "",
    "city": "Oskaloosa",
    "state": "IA",
    "postal_code": "52577",
    "country": "USA",
    "isSupplier": true,
    "isCustomer": true
  },
  {
    "first_name": "Cedric",
    "last_name": "Mallory",
    "email": "cedric.mallory@rivervalley.coop",
    "phone_number": "563-555-3344",
    "company_name": "River Valley Cooperative",
    "address_line1": "654 Grainway",
    "address_line2": "",
    "city": "Davenport",
    "state": "IA",
    "postal_code": "52801",
    "country": "USA",
    "isSupplier": true,
    "isCustomer": true
  },
  {
    "first_name": "Evelyn",
    "last_name": "Caldwell",
    "email": "evelyn.caldwell@greenpointag.com",
    "phone_number": "256-555-1234",
    "company_name": "GreenPoint Ag",
    "address_line1": "123 Agronomy Rd",
    "address_line2": "",
    "city": "Decatur",
    "state": "AL",
    "postal_code": "35601",
    "country": "USA",
    "isSupplier": true,
    "isCustomer": true
  },
  {
    "first_name": "Gordon",
    "last_name": "Levine",
    "email": "gordon.levine@frenchmanvalley.coop",
    "phone_number": "308-555-5678",
    "company_name": "Frenchman Valley Cooperative",
    "address_line1": "456 Cooperative St",
    "address_line2": "",
    "city": "Imperial",
    "state": "NE",
    "postal_code": "69033",
    "country": "USA",
    "isSupplier": true,
    "isCustomer": true
  },
  {
    "first_name": "Miriam",
    "last_name": "Donovan",
    "email": "miriam.donovan@agpartnersllc.com",
    "phone_number": "712-555-2345",
    "company_name": "Ag Partners LLC",
    "address_line1": "789 Feed Mill Ln",
    "address_line2": "",
    "city": "Albert City",
    "state": "IA",
    "postal_code": "50510",
    "country": "USA",
    "isSupplier": true,
    "isCustomer": true
  },
  {
    "first_name": "Norman",
    "last_name": "Hathaway",
    "email": "norman.hathaway@alliedcooperative.com",
    "phone_number": "608-555-8765",
    "company_name": "Allied Cooperative",
    "address_line1": "321 Agronomy Ave",
    "address_line2": "",
    "city": "Adams",
    "state": "WI",
    "postal_code": "53910",
    "country": "USA",
    "isSupplier": true,
    "isCustomer": true
  },
  {
    "first_name": "Serena",
    "last_name": "Fairchild",
    "email": "serena.fairchild@starofthewest.com",
    "phone_number": "989-555-3456",
    "company_name": "Star of the West Milling Co.",
    "address_line1": "654 Milling St",
    "address_line2": "",
    "city": "Frankenmuth",
    "state": "MI",
    "postal_code": "48734",
    "country": "USA",
    "isSupplier": true,
    "isCustomer": true
  },

  {
    "first_name": "Calvin",
    "last_name": "McMillan",
    "email": "calvin.mcmillan@harvestlandcoop.com",
    "phone_number": "765-555-0198",
    "company_name": "Harvest Land Co-op",
    "address_line1": "123 Agri Lane",
    "address_line2": "Suite 200",
    "city": "Richmond",
    "state": "IN",
    "postal_code": "47374",
    "country": "USA",
    "isSupplier": true,
    "isCustomer": true
  },
  {
    "first_name": "Elaine",
    "last_name": "Hollister",
    "email": "elaine.hollister@countryvisionscoop.com",
    "phone_number": "920-555-0172",
    "company_name": "Country Visions Cooperative",
    "address_line1": "456 Rural Route",
    "address_line2": "Unit B",
    "city": "Reedsville",
    "state": "WI",
    "postal_code": "54230",
    "country": "USA",
    "isSupplier": true,
    "isCustomer": true
  },
  {
    "first_name": "Reginald",
    "last_name": "Carrington",
    "email": "reginald.carrington@premieragcoop.com",
    "phone_number": "812-555-0143",
    "company_name": "Premier Ag Co-op",
    "address_line1": "789 Farm Road",
    "address_line2": "",
    "city": "Seymour",
    "state": "IN",
    "postal_code": "47274",
    "country": "USA",
    "isSupplier": true,
    "isCustomer": true
  },
  {
    "first_name": "Marissa",
    "last_name": "Donovan",
    "email": "marissa.donovan@kovafertilizer.com",
    "phone_number": "812-555-0164",
    "company_name": "Kova Fertilizer, Inc.",
    "address_line1": "321 Crop Circle",
    "address_line2": "Floor 3",
    "city": "Greensburg",
    "state": "IN",
    "postal_code": "47240",
    "country": "USA",
    "isSupplier": true,
    "isCustomer": false
  },
  {
    "first_name": "Leopold",
    "last_name": "Harmon",
    "email": "leopold.harmon@landmarkservicescoop.com",
    "phone_number": "608-555-0156",
    "company_name": "Landmark Services Cooperative",
    "address_line1": "654 Agriculture Ave",
    "address_line2": "",
    "city": "Cottage Grove",
    "state": "WI",
    "postal_code": "53527",
    "country": "USA",
    "isSupplier": true,
    "isCustomer": true
  },
  {
    "first_name": "Ethan",
    "last_name": "Wickman",
    "email": "ethan.wickman@westcentralag.com",
    "phone_number": "218-555-0123",
    "company_name": "West Central Ag Services",
    "address_line1": "123 Harvest Road",
    "address_line2": "",
    "city": "Ulen",
    "state": "MN",
    "postal_code": "56585",
    "country": "USA",
    "isSupplier": true,
    "isCustomer": false
  },
  {
    "first_name": "Margaret",
    "last_name": "Thatcher",
    "email": "margaret.thatcher@unitedcooperative.com",
    "phone_number": "920-555-0456",
    "company_name": "United Cooperative",
    "address_line1": "456 Farm Lane",
    "address_line2": "Suite 200",
    "city": "Beaver Dam",
    "state": "WI",
    "postal_code": "53916",
    "country": "USA",
    "isSupplier": true,
    "isCustomer": true
  },
  {
    "first_name": "Calvin",
    "last_name": "Hollis",
    "email": "calvin.hollis@titanpro.com",
    "phone_number": "641-555-0789",
    "company_name": "Titan Pro",
    "address_line1": "789 Cornfield Avenue",
    "address_line2": "Building 1",
    "city": "Clear Lake",
    "state": "IA",
    "postal_code": "50428",
    "country": "USA",
    "isSupplier": true,
    "isCustomer": false
  },
  {
    "first_name": "Natalie",
    "last_name": "Dunbar",
    "email": "natalie.dunbar@cfelevator.com",
    "phone_number": "712-555-0112",
    "company_name": "Cooperative Farmers Elevator",
    "address_line1": "101 Grain Road",
    "address_line2": "",
    "city": "Ocheyedan",
    "state": "IA",
    "postal_code": "51354",
    "country": "USA",
    "isSupplier": true,
    "isCustomer": true
  },
  {
    "first_name": "Wesley",
    "last_name": "Porter",
    "email": "wesley.porter@gfgagservices.com",
    "phone_number": "270-555-0987",
    "company_name": "GFG Ag Services",
    "address_line1": "202 Field Street",
    "address_line2": "Suite 100",
    "city": "Henderson",
    "state": "KY",
    "postal_code": "42420",
    "country": "USA",
    "isSupplier": true,
    "isCustomer": true
  },

  {
    "first_name": "Roland",
    "last_name": "Thatcher",
    "email": "roland.thatcher@everde.com",
    "phone_number": "713-555-0132",
    "company_name": "Everde Growers",
    "address_line1": "1234 Plant Lane",
    "address_line2": "",
    "city": "Houston",
    "state": "TX",
    "postal_code": "77001",
    "country": "USA",
    "isSupplier": true,
    "isCustomer": false
  },
  {
    "first_name": "Cassandra",
    "last_name": "Vanderbilt",
    "email": "cassandra.vanderbilt@sigmaag.com",
    "phone_number": "979-555-0245",
    "company_name": "Sigma Agriscience LLC",
    "address_line1": "5678 Organic Road",
    "address_line2": "",
    "city": "Boling",
    "state": "TX",
    "postal_code": "77420",
    "country": "USA",
    "isSupplier": true,
    "isCustomer": false
  },
  {
    "first_name": "Gordon",
    "last_name": "Landry",
    "email": "gordon.landry@frionaind.com",
    "phone_number": "806-555-0378",
    "company_name": "Friona Industries LP",
    "address_line1": "9010 Feedlot Drive",
    "address_line2": "",
    "city": "Amarillo",
    "state": "TX",
    "postal_code": "79101",
    "country": "USA",
    "isSupplier": false,
    "isCustomer": true
  },
  {
    "first_name": "Deborah",
    "last_name": "Briggs",
    "email": "deborah.briggs@happyhenfarms.com",
    "phone_number": "325-555-0489",
    "company_name": "Happy Hen Egg Farms",
    "address_line1": "2345 Eggshell Avenue",
    "address_line2": "",
    "city": "Junction",
    "state": "TX",
    "postal_code": "76849",
    "country": "USA",
    "isSupplier": false,
    "isCustomer": true
  },
  {
    "first_name": "Sylvester",
    "last_name": "Holmes",
    "email": "sylvester.holmes@berrynurseries.com",
    "phone_number": "972-555-0593",
    "company_name": "Berry Family of Nurseries",
    "address_line1": "3456 Nursery Way",
    "address_line2": "",
    "city": "Irving",
    "state": "TX",
    "postal_code": "75014",
    "country": "USA",
    "isSupplier": true,
    "isCustomer": false
  },
  {
    "first_name": "Eleanor",
    "last_name": "Redwood",
    "email": "eleanor.redwood@craftherbs.com",
    "phone_number": "512-555-0123",
    "company_name": "Craft Herbs",
    "address_line1": "123 Herbal Lane",
    "address_line2": "",
    "city": "Austin",
    "state": "TX",
    "postal_code": "73301",
    "country": "USA",
    "isSupplier": true,
    "isCustomer": false
  },
  {
    "first_name": "Gideon",
    "last_name": "Rivers",
    "email": "gideon.rivers@localsodfarm.com",
    "phone_number": "713-555-0456",
    "company_name": "LocalSodFarm.com",
    "address_line1": "456 Green Field",
    "address_line2": "Suite 100",
    "city": "Houston",
    "state": "TX",
    "postal_code": "77001",
    "country": "USA",
    "isSupplier": true,
    "isCustomer": false
  },
  {
    "first_name": "Lavinia",
    "last_name": "Hawthorne",
    "email": "lavinia.hawthorne@mahardeggfarm.com",
    "phone_number": "469-555-0789",
    "company_name": "Mahard Egg Farm",
    "address_line1": "789 Eggshell Drive",
    "address_line2": "",
    "city": "Prosper",
    "state": "TX",
    "postal_code": "75078",
    "country": "USA",
    "isSupplier": false,
    "isCustomer": true
  },
  {
    "first_name": "Orion",
    "last_name": "Fletcher",
    "email": "orion.fletcher@stoller.com",
    "phone_number": "713-555-1011",
    "company_name": "Stoller",
    "address_line1": "101 Plant Avenue",
    "address_line2": "",
    "city": "Houston",
    "state": "TX",
    "postal_code": "77002",
    "country": "USA",
    "isSupplier": true,
    "isCustomer": false
  },
  {
    "first_name": "Seraphina",
    "last_name": "Meadows",
    "email": "seraphina.meadows@vitalfarms.com",
    "phone_number": "512-555-1213",
    "company_name": "Vital Farms",
    "address_line1": "1213 Pasture Road",
    "address_line2": "",
    "city": "Austin",
    "state": "TX",
    "postal_code": "73301",
    "country": "USA",
    "isSupplier": false,
    "isCustomer": true
  },

  {
    "first_name": "Ethan",
    "last_name": "Bauer",
    "email": "ethan.bauer@texasfarmcredit.com",
    "phone_number": "361-555-1234",
    "company_name": "Texas Farm Credit",
    "address_line1": "123 Farm Rd",
    "address_line2": "Suite 200",
    "city": "Robstown",
    "state": "TX",
    "postal_code": "78380",
    "country": "USA",
    "isSupplier": false,
    "isCustomer": true
  },
  {
    "first_name": "Sophia",
    "last_name": "Ramos",
    "email": "sophia.ramos@agtexas.com",
    "phone_number": "806-555-5678",
    "company_name": "AgTexas Farm Credit Services",
    "address_line1": "456 Farmer St",
    "address_line2": "",
    "city": "Lubbock",
    "state": "TX",
    "postal_code": "79401",
    "country": "USA",
    "isSupplier": false,
    "isCustomer": true
  },
  {
    "first_name": "Lucas",
    "last_name": "Holland",
    "email": "lucas.holland@farmcreditbankoftexas.com",
    "phone_number": "512-555-9012",
    "company_name": "Farm Credit Bank of Texas",
    "address_line1": "789 Agrarian Ave",
    "address_line2": "Suite 300",
    "city": "Austin",
    "state": "TX",
    "postal_code": "73301",
    "country": "USA",
    "isSupplier": false,
    "isCustomer": true
  },
  {
    "first_name": "Olivia",
    "last_name": "Navarro",
    "email": "olivia.navarro@transpecosfoods.com",
    "phone_number": "432-555-3456",
    "company_name": "Trans Pecos Foods",
    "address_line1": "101 Industrial Blvd",
    "address_line2": "",
    "city": "Fort Stockton",
    "state": "TX",
    "postal_code": "79735",
    "country": "USA",
    "isSupplier": true,
    "isCustomer": false
  },
  {
    "first_name": "Aiden",
    "last_name": "Huff",
    "email": "aiden.huff@naegelinfarms.com",
    "phone_number": "210-555-7890",
    "company_name": "Naegelin Farms",
    "address_line1": "202 Agriculture Ln",
    "address_line2": "",
    "city": "San Antonio",
    "state": "TX",
    "postal_code": "78201",
    "country": "USA",
    "isSupplier": true,
    "isCustomer": false
  },
  {
    "first_name": "Harold",
    "last_name": "Finch",
    "email": "harold.finch@winfieldunited.com",
    "phone_number": "713-555-0123",
    "company_name": "Winfield United",
    "address_line1": "123 Agri Lane",
    "address_line2": "",
    "city": "Houston",
    "state": "TX",
    "postal_code": "77001",
    "country": "USA",
    "isSupplier": true,
    "isCustomer": false
  },
  {
    "first_name": "Annalise",
    "last_name": "Keating",
    "email": "annalise.keating@silveusins.com",
    "phone_number": "940-555-4567",
    "company_name": "Silveus Insurance Group",
    "address_line1": "456 Crop Circle",
    "address_line2": "Suite 300",
    "city": "Denton",
    "state": "TX",
    "postal_code": "76201",
    "country": "USA",
    "isSupplier": false,
    "isCustomer": true
  },
  {
    "first_name": "Elliot",
    "last_name": "Alderson",
    "email": "elliot.alderson@tysonfoods.com",
    "phone_number": "479-555-7890",
    "company_name": "Tyson Foods",
    "address_line1": "789 Poultry Drive",
    "address_line2": "",
    "city": "Springdale",
    "state": "AR",
    "postal_code": "72764",
    "country": "USA",
    "isSupplier": true,
    "isCustomer": false
  },
  {
    "first_name": "Nina",
    "last_name": "Sharp",
    "email": "nina.sharp@cargill.com",
    "phone_number": "952-555-1122",
    "company_name": "Cargill",
    "address_line1": "1122 Agronomy Way",
    "address_line2": "",
    "city": "Wayzata",
    "state": "MN",
    "postal_code": "55391",
    "country": "USA",
    "isSupplier": true,
    "isCustomer": false
  },
  {
    "first_name": "Walter",
    "last_name": "Bishop",
    "email": "walter.bishop@adm.com",
    "phone_number": "312-555-3344",
    "company_name": "ADM",
    "address_line1": "3344 Processing Avenue",
    "address_line2": "",
    "city": "Chicago",
    "state": "IL",
    "postal_code": "60601",
    "country": "USA",
    "isSupplier": true,
    "isCustomer": false
  },

  {
    "first_name": "Oliver",
    "last_name": "Thatcher",
    "email": "oliver.thatcher@bayercropscience.com",
    "phone_number": "919-555-0101",
    "company_name": "Bayer CropScience",
    "address_line1": "2 TW Alexander Dr",
    "address_line2": "",
    "city": "Research Triangle Park",
    "state": "NC",
    "postal_code": "27709",
    "country": "USA",
    "isSupplier": true,
    "isCustomer": false
  },
  {
    "first_name": "Camilla",
    "last_name": "Siegfried",
    "email": "camilla.siegfried@syngenta.com",
    "phone_number": "+41-61-555-0202",
    "company_name": "Syngenta",
    "address_line1": "Rosentalstrasse 67",
    "address_line2": "",
    "city": "Basel",
    "state": "",
    "postal_code": "4002",
    "country": "Switzerland",
    "isSupplier": true,
    "isCustomer": false
  },
  {
    "first_name": "Harrison",
    "last_name": "Keating",
    "email": "harrison.keating@dfamilk.com",
    "phone_number": "816-555-0303",
    "company_name": "Dairy Farmers of America",
    "address_line1": "1405 N 98th St",
    "address_line2": "",
    "city": "Kansas City",
    "state": "MO",
    "postal_code": "64155",
    "country": "USA",
    "isSupplier": true,
    "isCustomer": true
  },
  {
    "first_name": "Eleanor",
    "last_name": "Winslow",
    "email": "eleanor.winslow@landolakes.com",
    "phone_number": "651-555-0404",
    "company_name": "Land O’Lakes",
    "address_line1": "4001 Lexington Ave N",
    "address_line2": "",
    "city": "Arden Hills",
    "state": "MN",
    "postal_code": "55126",
    "country": "USA",
    "isSupplier": true,
    "isCustomer": true
  },
  {
    "first_name": "Michael",
    "last_name": "Thompson",
    "email": "michael.thompson@agrifinancial.com",
    "phone_number": "502-555-2345",
    "company_name": "Agri Financial",
    "address_line1": "456 Farm Rd",
    "address_line2": "",
    "city": "Louisville",
    "state": "KY",
    "postal_code": "40202",
    "country": "USA",
    "isSupplier": false,
    "isCustomer": true
  },
  {
    "first_name": "Rebecca",
    "last_name": "Martinez",
    "email": "rebecca.martinez@agroliquid.com",
    "phone_number": "517-555-3456",
    "company_name": "AgroLiquid",
    "address_line1": "789 Crop Ln",
    "address_line2": "",
    "city": "Saint Johns",
    "state": "MI",
    "postal_code": "48879",
    "country": "USA",
    "isSupplier": false,
    "isCustomer": true
  },
  {
    "first_name": "David",
    "last_name": "Johnson",
    "email": "david.johnson@agcredit.com",
    "phone_number": "707-555-4567",
    "company_name": "American AgCredit",
    "address_line1": "101 Vineyard Dr",
    "address_line2": "",
    "city": "Santa Rosa",
    "state": "CA",
    "postal_code": "95401",
    "country": "USA",
    "isSupplier": false,
    "isCustomer": true
  },
  {
    "first_name": "Jennifer",
    "last_name": "White",
    "email": "jennifer.white@americot.com",
    "phone_number": "806-555-5678",
    "company_name": "Americot",
    "address_line1": "202 Cotton Blvd",
    "address_line2": "",
    "city": "Lubbock",
    "state": "TX",
    "postal_code": "79401",
    "country": "USA",
    "isSupplier": false,
    "isCustomer": true
  },
  {
    "first_name": "Brian",
    "last_name": "Davis",
    "email": "brian.davis@aquaspy.com",
    "phone_number": "858-555-6789",
    "company_name": "AquaSpy",
    "address_line1": "303 Water St",
    "address_line2": "",
    "city": "San Diego",
    "state": "CA",
    "postal_code": "92101",
    "country": "USA",
    "isSupplier": false,
    "isCustomer": true
  },
  {
    "first_name": "Samantha",
    "last_name": "Green",
    "email": "samantha.green@aquayield.com",
    "phone_number": "801-555-7890",
    "company_name": "AquaYield",
    "address_line1": "404 Growth Rd",
    "address_line2": "",
    "city": "Salt Lake City",
    "state": "UT",
    "postal_code": "84101",
    "country": "USA",
    "isSupplier": false,
    "isCustomer": true
  },
  {
    "first_name": "Christopher",
    "last_name": "Harris",
    "email": "christopher.harris@appliedgeosolutions.com",
    "phone_number": "603-555-8901",
    "company_name": "Applied GeoSolutions",
    "address_line1": "505 Earth Ave",
    "address_line2": "",
    "city": "Durham",
    "state": "NH",
    "postal_code": "03824",
    "country": "USA",
    "isSupplier": false,
    "isCustomer": true
  },
  {
    "first_name": "Emily",
    "last_name": "Clark",
    "email": "emily.clark@arborgen.com",
    "phone_number": "843-555-9012",
    "company_name": "ArborGen",
    "address_line1": "606 Tree Ln",
    "address_line2": "",
    "city": "Ridgeville",
    "state": "SC",
    "postal_code": "29472",
    "country": "USA",
    "isSupplier": false,
    "isCustomer": true
  },
  {
    "first_name": "Andrew",
    "last_name": "Lopez",
    "email": "andrew.lopez@beevt.com",
    "phone_number": "416-555-0123",
    "company_name": "Bee Vectoring Technologies",
    "address_line1": "707 Pollinator Blvd",
    "address_line2": "",
    "city": "Mississauga",
    "state": "ON",
    "postal_code": "L5M 1J1",
    "country": "Canada",
    "isSupplier": false,
    "isCustomer": true
  },
  {
    "first_name": "Natalie",
    "last_name": "Perez",
    "email": "natalie.perez@bioconsortia.com",
    "phone_number": "209-555-1234",
    "company_name": "BioConsortia",
    "address_line1": "808 Bio Dr",
    "address_line2": "",
    "city": "Modesto",
    "state": "CA",
    "postal_code": "95354",
    "country": "USA",
    "isSupplier": false,
    "isCustomer": true
  },
  {
    "first_name": "Emily",
    "last_name": "Clark",
    "email": "emily.clark@biolumic.com",
    "phone_number": "212-555-0001",
    "company_name": "Biolumic",
    "address_line1": "101 Light Ave",
    "address_line2": "",
    "city": "Santa Barbara",
    "state": "CA",
    "postal_code": "93101",
    "country": "USA",
    "isSupplier": false,
    "isCustomer": true
  },
  {
    "first_name": "James",
    "last_name": "Harris",
    "email": "james.harris@bluerivertech.com",
    "phone_number": "408-555-0002",
    "company_name": "Blue River Technology",
    "address_line1": "500 Innovation Way",
    "address_line2": "",
    "city": "Sunnyvale",
    "state": "CA",
    "postal_code": "94085",
    "country": "USA",
    "isSupplier": false,
    "isCustomer": true
  },
  {
    "first_name": "Laura",
    "last_name": "Davis",
    "email": "laura.davis@boweryfarming.com",
    "phone_number": "212-555-0003",
    "company_name": "Bowery Farming",
    "address_line1": "75 9th Ave",
    "address_line2": "",
    "city": "New York",
    "state": "NY",
    "postal_code": "10011",
    "country": "USA",
    "isSupplier": false,
    "isCustomer": true
  },
  {
    "first_name": "Michael",
    "last_name": "Johnson",
    "email": "michael.johnson@brightfarms.com",
    "phone_number": "847-555-0004",
    "company_name": "BrightFarms",
    "address_line1": "100 Bright Rd",
    "address_line2": "",
    "city": "Irvington",
    "state": "NY",
    "postal_code": "10533",
    "country": "USA",
    "isSupplier": false,
    "isCustomer": true
  },
  {
    "first_name": "Samantha",
    "last_name": "Brown",
    "email": "samantha.brown@bushel.com",
    "phone_number": "701-555-0005",
    "company_name": "Bushel",
    "address_line1": "123 AgTech St",
    "address_line2": "",
    "city": "Fargo",
    "state": "ND",
    "postal_code": "58102",
    "country": "USA",
    "isSupplier": false,
    "isCustomer": true
  },
  {
    "first_name": "Christopher",
    "last_name": "Wilson",
    "email": "christopher.wilson@ceresimaging.com",
    "phone_number": "510-555-0006",
    "company_name": "Ceres Imaging",
    "address_line1": "3200 Regatta Blvd",
    "address_line2": "",
    "city": "Richmond",
    "state": "CA",
    "postal_code": "94804",
    "country": "USA",
    "isSupplier": false,
    "isCustomer": true
  },
  {
    "first_name": "Jessica",
    "last_name": "Taylor",
    "email": "jessica.taylor@clearlabs.com",
    "phone_number": "650-555-0007",
    "company_name": "Clear Labs",
    "address_line1": "3565 Haven Ave",
    "address_line2": "",
    "city": "Menlo Park",
    "state": "CA",
    "postal_code": "94025",
    "country": "USA",
    "isSupplier": false,
    "isCustomer": true
  },
  {
    "first_name": "David",
    "last_name": "Martinez",
    "email": "david.martinez@conservis.com",
    "phone_number": "612-555-0008",
    "company_name": "Conservis",
    "address_line1": "333 Washington Ave N",
    "address_line2": "",
    "city": "Minneapolis",
    "state": "MN",
    "postal_code": "55401",
    "country": "USA",
    "isSupplier": false,
    "isCustomer": true
  },
  {
    "first_name": "Amanda",
    "last_name": "Garcia",
    "email": "amanda.garcia@covercress.com",
    "phone_number": "314-555-0009",
    "company_name": "CoverCress",
    "address_line1": "4321 Forest Park Ave",
    "address_line2": "",
    "city": "St. Louis",
    "state": "MO",
    "postal_code": "63108",
    "country": "USA",
    "isSupplier": false,
    "isCustomer": true
  },
  {
    "first_name": "Daniel",
    "last_name": "Lewis",
    "email": "daniel.lewis@cropx.com",
    "phone_number": "408-555-0010",
    "company_name": "CropX",
    "address_line1": "5000 Executive Pkwy",
    "address_line2": "",
    "city": "San Ramon",
    "state": "CA",
    "postal_code": "94583",
    "country": "USA",
    "isSupplier": false,
    "isCustomer": true
  },
  {
    "first_name": "Alice",
    "last_name": "Smith",
    "email": "alice.smith@earthsense.com",
    "phone_number": "217-555-9876",
    "company_name": "EarthSense",
    "address_line1": "456 Greenfield Rd",
    "address_line2": "",
    "city": "Champaign",
    "state": "IL",
    "postal_code": "61820",
    "country": "USA",
    "isSupplier": false,
    "isCustomer": true
  },
  {
    "first_name": "Michael",
    "last_name": "Johnson",
    "email": "michael.johnson@edengreentech.com",
    "phone_number": "214-555-6543",
    "company_name": "Eden Green Technology",
    "address_line1": "789 Orchard Ln",
    "address_line2": "",
    "city": "Dallas",
    "state": "TX",
    "postal_code": "75201",
    "country": "USA",
    "isSupplier": false,
    "isCustomer": true
  },
  {
    "first_name": "Emily",
    "last_name": "Davis",
    "email": "emily.davis@farmlink.com",
    "phone_number": "515-555-2468",
    "company_name": "FarmLink",
    "address_line1": "123 Harvest Blvd",
    "address_line2": "",
    "city": "Des Moines",
    "state": "IA",
    "postal_code": "50309",
    "country": "USA",
    "isSupplier": false,
    "isCustomer": true
  },
  {
    "first_name": "David",
    "last_name": "Martinez",
    "email": "david.martinez@farmwiselabs.com",
    "phone_number": "408-555-1357",
    "company_name": "FarmWise Labs",
    "address_line1": "456 Tech Park Dr",
    "address_line2": "",
    "city": "San Jose",
    "state": "CA",
    "postal_code": "95112",
    "country": "USA",
    "isSupplier": false,
    "isCustomer": true
  },
  {
    "first_name": "Sarah",
    "last_name": "Brown",
    "email": "sarah.brown@fbn.com",
    "phone_number": "605-555-7890",
    "company_name": "Farmers Business Network",
    "address_line1": "789 Agronomy Way",
    "address_line2": "",
    "city": "Sioux Falls",
    "state": "SD",
    "postal_code": "57103",
    "country": "USA",
    "isSupplier": false,
    "isCustomer": true
  },
  {
    "first_name": "James",
    "last_name": "Wilson",
    "email": "james.wilson@fieldin.com",
    "phone_number": "805-555-3214",
    "company_name": "Fieldin",
    "address_line1": "123 Crop Cir",
    "address_line2": "",
    "city": "Santa Maria",
    "state": "CA",
    "postal_code": "93454",
    "country": "USA",
    "isSupplier": false,
    "isCustomer": true
  },
  {
    "first_name": "Jessica",
    "last_name": "Miller",
    "email": "jessica.miller@freightfarms.com",
    "phone_number": "617-555-8765",
    "company_name": "Freight Farms",
    "address_line1": "456 Freight Ave",
    "address_line2": "",
    "city": "Boston",
    "state": "MA",
    "postal_code": "02108",
    "country": "USA",
    "isSupplier": false,
    "isCustomer": true
  },
  {
    "first_name": "Robert",
    "last_name": "Anderson",
    "email": "robert.anderson@fullharvest.com",
    "phone_number": "415-555-1122",
    "company_name": "Full Harvest",
    "address_line1": "789 Produce Pl",
    "address_line2": "",
    "city": "San Francisco",
    "state": "CA",
    "postal_code": "94103",
    "country": "USA",
    "isSupplier": false,
    "isCustomer": true
  },
  {
    "first_name": "Laura",
    "last_name": "Taylor",
    "email": "laura.taylor@ginkgobioworks.com",
    "phone_number": "617-555-3344",
    "company_name": "Ginkgo Bioworks",
    "address_line1": "123 Genome St",
    "address_line2": "",
    "city": "Boston",
    "state": "MA",
    "postal_code": "02118",
    "country": "USA",
    "isSupplier": false,
    "isCustomer": true
  },
  {
    "first_name": "Daniel",
    "last_name": "Lee",
    "email": "daniel.lee@granular.com",
    "phone_number": "415-555-5566",
    "company_name": "Granular",
    "address_line1": "456 Precision Dr",
    "address_line2": "",
    "city": "San Francisco",
    "state": "CA",
    "postal_code": "94105",
    "country": "USA",
    "isSupplier": false,
    "isCustomer": true
  },
  {
    "first_name": "Emily",
    "last_name": "Smith",
    "email": "emily.smith@greenlightbio.com",
    "phone_number": "617-555-1111",
    "company_name": "GreenLight Biosciences",
    "address_line1": "100 Biotech Dr",
    "address_line2": "",
    "city": "Medford",
    "state": "MA",
    "postal_code": "02155",
    "country": "USA",
    "isSupplier": false,
    "isCustomer": true
  },
  {
    "first_name": "Michael",
    "last_name": "Johnson",
    "email": "michael.johnson@growersedge.com",
    "phone_number": "515-555-2222",
    "company_name": "Growers Edge",
    "address_line1": "200 Farm St",
    "address_line2": "Suite 300",
    "city": "Johnston",
    "state": "IA",
    "postal_code": "50131",
    "country": "USA",
    "isSupplier": false,
    "isCustomer": true
  },
  {
    "first_name": "Sarah",
    "last_name": "Brown",
    "email": "sarah.brown@hectareagritech.com",
    "phone_number": "212-555-3333",
    "company_name": "Hectare Agritech",
    "address_line1": "300 Greenway Rd",
    "address_line2": "",
    "city": "New York",
    "state": "NY",
    "postal_code": "10001",
    "country": "USA",
    "isSupplier": false,
    "isCustomer": true
  },
  {
    "first_name": "David",
    "last_name": "Williams",
    "email": "david.williams@heliae.com",
    "phone_number": "480-555-4444",
    "company_name": "Heliae Development",
    "address_line1": "400 Innovation Ln",
    "address_line2": "",
    "city": "Gilbert",
    "state": "AZ",
    "postal_code": "85233",
    "country": "USA",
    "isSupplier": false,
    "isCustomer": true
  },
  {
    "first_name": "Jessica",
    "last_name": "Jones",
    "email": "jessica.jones@indigoag.com",
    "phone_number": "617-555-5555",
    "company_name": "Indigo Agriculture",
    "address_line1": "500 Agri Blvd",
    "address_line2": "",
    "city": "Boston",
    "state": "MA",
    "postal_code": "02110",
    "country": "USA",
    "isSupplier": false,
    "isCustomer": true
  },
  {
    "first_name": "Daniel",
    "last_name": "Miller",
    "email": "daniel.miller@iunu.com",
    "phone_number": "206-555-6666",
    "company_name": "iUNU",
    "address_line1": "600 Tech Ave",
    "address_line2": "",
    "city": "Seattle",
    "state": "WA",
    "postal_code": "98109",
    "country": "USA",
    "isSupplier": false,
    "isCustomer": true
  },
  {
    "first_name": "Laura",
    "last_name": "Wilson",
    "email": "laura.wilson@joynbio.com",
    "phone_number": "415-555-7777",
    "company_name": "Joyn Bio",
    "address_line1": "700 Bio St",
    "address_line2": "",
    "city": "San Francisco",
    "state": "CA",
    "postal_code": "94107",
    "country": "USA",
    "isSupplier": false,
    "isCustomer": true
  },
  {
    "first_name": "Robert",
    "last_name": "Davis",
    "email": "robert.davis@kulabio.com",
    "phone_number": "617-555-8888",
    "company_name": "Kula Bio",
    "address_line1": "800 Sustainable Way",
    "address_line2": "",
    "city": "Somerville",
    "state": "MA",
    "postal_code": "02143",
    "country": "USA",
    "isSupplier": false,
    "isCustomer": true
  },
  {
    "first_name": "Michelle",
    "last_name": "Martinez",
    "email": "michelle.martinez@micromgx.com",
    "phone_number": "312-555-9999",
    "company_name": "MicroMGx",
    "address_line1": "900 Micro Rd",
    "address_line2": "",
    "city": "Chicago",
    "state": "IL",
    "postal_code": "60607",
    "country": "USA",
    "isSupplier": false,
    "isCustomer": true
  },
  {
    "first_name": "Christopher",
    "last_name": "Garcia",
    "email": "christopher.garcia@pivotbio.com",
    "phone_number": "510-555-1010",
    "company_name": "Pivot Bio",
    "address_line1": "1000 Agri Park",
    "address_line2": "",
    "city": "Berkeley",
    "state": "CA",
    "postal_code": "94704",
    "country": "USA",
    "isSupplier": false,
    "isCustomer": true
  },
  {
    "first_name": "Emma",
    "last_name": "Smith",
    "email": "emma.smith@plutonbio.com",
    "phone_number": "415-555-5678",
    "company_name": "Pluton Biosciences",
    "address_line1": "456 Science Dr",
    "address_line2": "",
    "city": "San Francisco",
    "state": "CA",
    "postal_code": "94107",
    "country": "USA",
    "isSupplier": false,
    "isCustomer": true
  },
  {
    "first_name": "Liam",
    "last_name": "Johnson",
    "email": "liam.johnson@radiclegrowth.com",
    "phone_number": "212-555-8901",
    "company_name": "Radicle Growth",
    "address_line1": "789 Investment Ln",
    "address_line2": "Suite 100",
    "city": "New York",
    "state": "NY",
    "postal_code": "10001",
    "country": "USA",
    "isSupplier": false,
    "isCustomer": true
  },
  {
    "first_name": "Olivia",
    "last_name": "Brown",
    "email": "olivia.brown@rancherslegacy.com",
    "phone_number": "612-555-2345",
    "company_name": "Rancher’s Legacy Meat Co.",
    "address_line1": "123 Beef Blvd",
    "address_line2": "",
    "city": "Minneapolis",
    "state": "MN",
    "postal_code": "55401",
    "country": "USA",
    "isSupplier": false,
    "isCustomer": true
  },
  {
    "first_name": "Noah",
    "last_name": "Williams",
    "email": "noah.williams@semios.com",
    "phone_number": "604-555-6789",
    "company_name": "Semios",
    "address_line1": "456 Tech Ave",
    "address_line2": "Suite 200",
    "city": "Vancouver",
    "state": "BC",
    "postal_code": "V6B 1A1",
    "country": "Canada",
    "isSupplier": false,
    "isCustomer": true
  },
  {
    "first_name": "Ava",
    "last_name": "Jones",
    "email": "ava.jones@sentera.com",
    "phone_number": "952-555-3456",
    "company_name": "Sentera",
    "address_line1": "789 Drone Rd",
    "address_line2": "",
    "city": "St. Paul",
    "state": "MN",
    "postal_code": "55101",
    "country": "USA",
    "isSupplier": false,
    "isCustomer": true
  },
  {
    "first_name": "Sophia",
    "last_name": "Garcia",
    "email": "sophia.garcia@sound.ag",
    "phone_number": "510-555-4567",
    "company_name": "Sound Agriculture",
    "address_line1": "123 Green St",
    "address_line2": "Suite 300",
    "city": "Oakland",
    "state": "CA",
    "postal_code": "94612",
    "country": "USA",
    "isSupplier": false,
    "isCustomer": true
  },
  {
    "first_name": "James",
    "last_name": "Martinez",
    "email": "james.martinez@stonycreekcolors.com",
    "phone_number": "615-555-5678",
    "company_name": "Stony Creek Colors",
    "address_line1": "456 Indigo Rd",
    "address_line2": "",
    "city": "Nashville",
    "state": "TN",
    "postal_code": "37201",
    "country": "USA",
    "isSupplier": false,
    "isCustomer": true
  },
  {
    "first_name": "Isabella",
    "last_name": "Davis",
    "email": "isabella.davis@terraclear.com",
    "phone_number": "208-555-6789",
    "company_name": "TerraClear",
    "address_line1": "789 Farm Rd",
    "address_line2": "",
    "city": "Boise",
    "state": "ID",
    "postal_code": "83702",
    "country": "USA",
    "isSupplier": false,
    "isCustomer": true
  },
  {
    "first_name": "Lucas",
    "last_name": "Rodriguez",
    "email": "lucas.rodriguez@terviva.com",
    "phone_number": "786-555-7890",
    "company_name": "Terviva",
    "address_line1": "123 Agro St",
    "address_line2": "Suite 400",
    "city": "Miami",
    "state": "FL",
    "postal_code": "33101",
    "country": "USA",
    "isSupplier": false,
    "isCustomer": true
  },
  {
    "first_name": "Mia",
    "last_name": "Martinez",
    "email": "mia.martinez@theyieldlab.com",
    "phone_number": "314-555-8901",
    "company_name": "The Yield Lab",
    "address_line1": "456 Innovation Blvd",
    "address_line2": "",
    "city": "St. Louis",
    "state": "MO",
    "postal_code": "63101",
    "country": "USA",
    "isSupplier": false,
    "isCustomer": true
  },
  {
    "first_name": "Sara",
    "last_name": "Thompson",
    "email": "sara.thompson@trellis.com",
    "phone_number": "209-555-5678",
    "company_name": "Trellis",
    "address_line1": "456 Orchard Rd",
    "address_line2": "",
    "city": "Modesto",
    "state": "CA",
    "postal_code": "95354",
    "country": "USA",
    "isSupplier": false,
    "isCustomer": true
  },
  {
    "first_name": "David",
    "last_name": "Rodriguez",
    "email": "david.rodriguez@understory.com",
    "phone_number": "559-555-2345",
    "company_name": "Understory",
    "address_line1": "789 Vine St",
    "address_line2": "Suite 2",
    "city": "Fresno",
    "state": "CA",
    "postal_code": "93721",
    "country": "USA",
    "isSupplier": false,
    "isCustomer": true
  },
  {
    "first_name": "Emily",
    "last_name": "Clark",
    "email": "emily.clark@vence.com",
    "phone_number": "530-555-6789",
    "company_name": "Vence",
    "address_line1": "321 Harvest Ave",
    "address_line2": "Building B",
    "city": "Davis",
    "state": "CA",
    "postal_code": "95616",
    "country": "USA",
    "isSupplier": false,
    "isCustomer": true
  },
  {
    "first_name": "Michael",
    "last_name": "Turner",
    "email": "michael.turner@vividlifesciences.com",
    "phone_number": "916-555-3456",
    "company_name": "Vivid Life Sciences",
    "address_line1": "654 Plant St",
    "address_line2": "",
    "city": "Sacramento",
    "state": "CA",
    "postal_code": "95814",
    "country": "USA",
    "isSupplier": false,
    "isCustomer": true
  },
  {
    "first_name": "Jessica",
    "last_name": "Martinez",
    "email": "jessica.martinez@voloagri.com",
    "phone_number": "707-555-4567",
    "company_name": "VoloAgri",
    "address_line1": "987 Seed Ln",
    "address_line2": "Suite 100",
    "city": "Napa",
    "state": "CA",
    "postal_code": "94558",
    "country": "USA",
    "isSupplier": false,
    "isCustomer": true
  },
  {
    "first_name": "Brian",
    "last_name": "Adams",
    "email": "brian.adams@weedout.com",
    "phone_number": "805-555-5678",
    "company_name": "WeedOUT",
    "address_line1": "432 Weed St",
    "address_line2": "",
    "city": "San Luis Obispo",
    "state": "CA",
    "postal_code": "93401",
    "country": "USA",
    "isSupplier": false,
    "isCustomer": true
  },
  {
    "first_name": "Laura",
    "last_name": "Perez",
    "email": "laura.perez@wilbur-ellis.com",
    "phone_number": "408-555-6789",
    "company_name": "Wilbur-Ellis",
    "address_line1": "123 Market St",
    "address_line2": "Suite 300",
    "city": "San Jose",
    "state": "CA",
    "postal_code": "95113",
    "country": "USA",
    "isSupplier": false,
    "isCustomer": true
  },
  {
    "first_name": "Daniel",
    "last_name": "White",
    "email": "daniel.white@zestlabs.com",
    "phone_number": "415-555-2345",
    "company_name": "Zest Labs",
    "address_line1": "789 Innovation Way",
    "address_line2": "",
    "city": "San Francisco",
    "state": "CA",
    "postal_code": "94103",
    "country": "USA",
    "isSupplier": false,
    "isCustomer": true
  }
]
