[
  {
    "first_name": "Ernie",
    "last_name": "Roncoroni",
    "email": "contact@growwest.com",
    "phone_number": "(530) 662-5442",
    "company_name": "Grow West",
    "address_line1": "201 East Street",
    "address_line2": "",
    "city": "Woodland",
    "state": "CA",
    "postal_code": "95776",
    "country": "USA"
  },
  {
    "first_name": "John",
    "last_name": "Doe",
    "email": "info@bwcag.com",
    "phone_number": "(661) 831-3416",
    "company_name": "Buttonwillow Warehouse Co.",
    "address_line1": "14762 Pieri Rd",
    "address_line2": "",
    "city": "Bakersfield",
    "state": "CA",
    "postal_code": "93311",
    "country": "USA"
  },
  {
    "first_name": "Jane",
    "last_name": "Smith",
    "email": "info@midvalleyag.com",
    "phone_number": "(209) 847-2266",
    "company_name": "Mid Valley Agricultural Services",
    "address_line1": "123 Main Street",
    "address_line2": "",
    "city": "Oakdale",
    "state": "CA",
    "postal_code": "95361",
    "country": "USA"
  },
  {
    "first_name": "Richard",
    "last_name": "Bennett",
    "email": "info@garbennett.com",
    "phone_number": "(559) 638-6311",
    "company_name": "Gar Bennett LLC",
    "address_line1": "789 Agriculture Lane",
    "address_line2": "",
    "city": "Reedley",
    "state": "CA",
    "postal_code": "93654",
    "country": "USA"
  },
  {
    "first_name": "Susan",
    "last_name": "Johnson",
    "email": "info@stanislausfarmsupply.com",
    "phone_number": "(209) 524-0351",
    "company_name": "Stanislaus Farm Supply",
    "address_line1": "456 Farm Road",
    "address_line2": "",
    "city": "Modesto",
    "state": "CA",
    "postal_code": "95358",
    "country": "USA"
  },
  {
    "first_name": "John",
    "last_name": "Doe",
    "email": "john.doe@bucra.com",
    "phone_number": "530-555-1234",
    "company_name": "Butte County Rice Growers Association (BUCRA)",
    "address_line1": "123 Rice St",
    "address_line2": "",
    "city": "Richvale",
    "state": "CA",
    "postal_code": "95974",
    "country": "USA"
  },
  {
    "first_name": "Jane",
    "last_name": "Smith",
    "email": "jane.smith@wonderfulcitrus.com",
    "phone_number": "661-555-5678",
    "company_name": "Wonderful Citrus LLC",
    "address_line1": "456 Orange Blvd",
    "address_line2": "",
    "city": "Delano",
    "state": "CA",
    "postal_code": "93215",
    "country": "USA"
  },
  {
    "first_name": "Michael",
    "last_name": "Johnson",
    "email": "michael.johnson@netafimusa.com",
    "phone_number": "559-555-7890",
    "company_name": "Netafim USA",
    "address_line1": "789 Irrigation Way",
    "address_line2": "",
    "city": "Fresno",
    "state": "CA",
    "postal_code": "93711",
    "country": "USA"
  },
  {
    "first_name": "Emily",
    "last_name": "Davis",
    "email": "emily.davis@laurelagwater.com",
    "phone_number": "661-555-2468",
    "company_name": "Laurel Ag & Water",
    "address_line1": "246 Water St",
    "address_line2": "",
    "city": "Bakersfield",
    "state": "CA",
    "postal_code": "93308",
    "country": "USA"
  },
  {
    "first_name": "Chris",
    "last_name": "Brown",
    "email": "chris.brown@agritechnovation.com",
    "phone_number": "559-555-1357",
    "company_name": "Agri Technovation Global",
    "address_line1": "135 AgriTech Ave",
    "address_line2": "",
    "city": "Clovis",
    "state": "CA",
    "postal_code": "93612",
    "country": "USA"
  },
  {
    "first_name": "John",
    "last_name": "Doe",
    "email": "johndoe@christopherranch.com",
    "phone_number": "408-847-1100",
    "company_name": "Christopher Ranch LLC",
    "address_line1": "305 Bloomfield Ave",
    "address_line2": "",
    "city": "Gilroy",
    "state": "CA",
    "postal_code": "95020",
    "country": "USA"
  },
  {
    "first_name": "Jane",
    "last_name": "Smith",
    "email": "janesmith@pivotbio.com",
    "phone_number": "510-550-4900",
    "company_name": "Pivot Bio",
    "address_line1": "2929 7th St",
    "address_line2": "Suite 120",
    "city": "Berkeley",
    "state": "CA",
    "postal_code": "94710",
    "country": "USA"
  },
  {
    "first_name": "Robert",
    "last_name": "Johnson",
    "email": "robertjohnson@farmlandlp.com",
    "phone_number": "415-986-7700",
    "company_name": "Farmland LP",
    "address_line1": "1 Ferry Building",
    "address_line2": "Suite 255",
    "city": "San Francisco",
    "state": "CA",
    "postal_code": "94111",
    "country": "USA"
  },
  {
    "first_name": "Emily",
    "last_name": "Williams",
    "email": "emilywilliams@organicfertilizers.com",
    "phone_number": "559-584-6797",
    "company_name": "California Organic Fertilizers, Inc.",
    "address_line1": "10585 Industry Ave",
    "address_line2": "",
    "city": "Hanford",
    "state": "CA",
    "postal_code": "93230",
    "country": "USA"
  },
  {
    "first_name": "Michael",
    "last_name": "Brown",
    "email": "michaelbrown@modestomilling.com",
    "phone_number": "209-523-9167",
    "company_name": "Modesto Milling",
    "address_line1": "5001 McHenry Ave",
    "address_line2": "",
    "city": "Empire",
    "state": "CA",
    "postal_code": "95319",
    "country": "USA"
  },
  {
    "first_name": "Harold",
    "last_name": "Edwards",
    "email": "harold.edwards@limoneira.com",
    "phone_number": "805-525-5541",
    "company_name": "Limoneira",
    "address_line1": "1141 Cummings Road",
    "address_line2": "",
    "city": "Santa Paula",
    "state": "CA",
    "postal_code": "93060",
    "country": "USA"
  },
  {
    "first_name": "Marcus",
    "last_name": "Venturo",
    "email": "marcus.venturo@oroagri.com",
    "phone_number": "559-442-4996",
    "company_name": "Oro Agri, Inc.",
    "address_line1": "2788 S Maple Ave",
    "address_line2": "",
    "city": "Fresno",
    "state": "CA",
    "postal_code": "93725",
    "country": "USA"
  },
  {
    "first_name": "Sarah",
    "last_name": "Eckhoff",
    "email": "sarah.eckhoff@arcadiabio.com",
    "phone_number": "530-756-7077",
    "company_name": "Arcadia Biosciences",
    "address_line1": "202 Cousteau Place",
    "address_line2": "",
    "city": "Davis",
    "state": "CA",
    "postal_code": "95618",
    "country": "USA"
  },
  {
    "first_name": "Mark",
    "last_name": "Wong",
    "email": "mark.wong@swseedco.com",
    "phone_number": "916-446-6000",
    "company_name": "S&W Seed Co.",
    "address_line1": "106 K Street",
    "address_line2": "",
    "city": "Sacramento",
    "state": "CA",
    "postal_code": "95814",
    "country": "USA"
  },
  {
    "first_name": "James",
    "last_name": "Haas",
    "email": "james.haas@greengrotech.com",
    "phone_number": "714-373-9350",
    "company_name": "GreenGro Technologies, Inc.",
    "address_line1": "2028 S 20th St",
    "address_line2": "",
    "city": "Anaheim",
    "state": "CA",
    "postal_code": "92806",
    "country": "USA"
  },
  {
    "first_name": "Landon",
    "last_name": "Carmichael",
    "email": "landon.carmichael@altmanplants.com",
    "phone_number": "760-123-4567",
    "company_name": "Altman Plants",
    "address_line1": "3742 Blue Sky Drive",
    "address_line2": "",
    "city": "Vista",
    "state": "CA",
    "postal_code": "92083",
    "country": "USA"
  },
  {
    "first_name": "Isabella",
    "last_name": "Ventura",
    "email": "isabella.ventura@rivermaidtrading.com",
    "phone_number": "209-234-5678",
    "company_name": "Rivermaid Trading Co.",
    "address_line1": "1450 West Turner Road",
    "address_line2": "",
    "city": "Lodi",
    "state": "CA",
    "postal_code": "95242",
    "country": "USA"
  },
  {
    "first_name": "Jaxon",
    "last_name": "Harrington",
    "email": "jaxon.harrington@terratechcorp.com",
    "phone_number": "949-345-6789",
    "company_name": "Terra Tech",
    "address_line1": "2040 Main Street",
    "address_line2": "Suite 225",
    "city": "Irvine",
    "state": "CA",
    "postal_code": "92614",
    "country": "USA"
  },
  {
    "first_name": "Sophia",
    "last_name": "Lancaster",
    "email": "sophia.lancaster@medmen.com",
    "phone_number": "310-456-7890",
    "company_name": "MedMen Enterprises, Inc.",
    "address_line1": "10115 Jefferson Blvd",
    "address_line2": "",
    "city": "Culver City",
    "state": "CA",
    "postal_code": "90232",
    "country": "USA"
  },
  {
    "first_name": "Ethan",
    "last_name": "Montgomery",
    "email": "ethan.montgomery@nativeseed.com",
    "phone_number": "805-567-8901",
    "company_name": "NativeSeed",
    "address_line1": "1251 Meadow View Lane",
    "address_line2": "",
    "city": "Carpinteria",
    "state": "CA",
    "postal_code": "93013",
    "country": "USA"
  },
  {
    "first_name": "Erin",
    "last_name": "Cartwright",
    "email": "erin.cartwright@glasshousegroup.com",
    "phone_number": "562-123-4567",
    "company_name": "Glass House Group",
    "address_line1": "123 Greenhouse Blvd",
    "address_line2": "Suite 200",
    "city": "Long Beach",
    "state": "CA",
    "postal_code": "90802",
    "country": "USA"
  },
  {
    "first_name": "Landon",
    "last_name": "Trevino",
    "email": "landon.trevino@chsinc.com",
    "phone_number": "651-987-6543",
    "company_name": "CHS Inc.",
    "address_line1": "456 Cooperative Way",
    "address_line2": "",
    "city": "Inver Grove Heights",
    "state": "MN",
    "postal_code": "55077",
    "country": "USA"
  },
  {
    "first_name": "Felicia",
    "last_name": "Mendoza",
    "email": "felicia.mendoza@landuscoop.com",
    "phone_number": "515-321-7890",
    "company_name": "Landus Cooperative",
    "address_line1": "789 Farm Lane",
    "address_line2": "",
    "city": "Ames",
    "state": "IA",
    "postal_code": "50010",
    "country": "USA"
  },
  {
    "first_name": "Wesley",
    "last_name": "Harper",
    "email": "wesley.harper@growmark.com",
    "phone_number": "309-456-7890",
    "company_name": "GROWMARK, Inc.",
    "address_line1": "101 Agronomy St",
    "address_line2": "",
    "city": "Bloomington",
    "state": "IL",
    "postal_code": "61701",
    "country": "USA"
  },
  {
    "first_name": "Monica",
    "last_name": "Vasquez",
    "email": "monica.vasquez@agtegra.com",
    "phone_number": "605-123-7890",
    "company_name": "Agtegra Cooperative",
    "address_line1": "202 Grain Rd",
    "address_line2": "Suite 300",
    "city": "Aberdeen",
    "state": "SD",
    "postal_code": "57401",
    "country": "USA"
  },
  {
    "first_name": "Evan",
    "last_name": "Beckwith",
    "email": "evan.beckwith@heartlandcoop.com",
    "phone_number": "515-555-1234",
    "company_name": "Heartland Co-op",
    "address_line1": "2829 Westown Pkwy",
    "address_line2": "",
    "city": "West Des Moines",
    "state": "IA",
    "postal_code": "50266",
    "country": "USA"
  },
  {
    "first_name": "Amelia",
    "last_name": "Weinstein",
    "email": "amelia.weinstein@midwestfarmerscoop.com",
    "phone_number": "402-555-5678",
    "company_name": "Midwest Farmers Cooperative",
    "address_line1": "900 County Road 4",
    "address_line2": "",
    "city": "Elmwood",
    "state": "NE",
    "postal_code": "68349",
    "country": "USA"
  },
  {
    "first_name": "Nathaniel",
    "last_name": "Durham",
    "email": "nathaniel.durham@frontiercoop.com",
    "phone_number": "402-555-9876",
    "company_name": "Frontier Cooperative",
    "address_line1": "2601 N 11th St",
    "address_line2": "",
    "city": "Lincoln",
    "state": "NE",
    "postal_code": "68521",
    "country": "USA"
  },
  {
    "first_name": "Isabelle",
    "last_name": "Thurston",
    "email": "isabelle.thurston@cpicoop.com",
    "phone_number": "402-555-3456",
    "company_name": "CPI (Cooperative Producers, Inc.)",
    "address_line1": "1380 S Baltimore Ave",
    "address_line2": "",
    "city": "Hastings",
    "state": "NE",
    "postal_code": "68901",
    "country": "USA"
  },
  {
    "first_name": "Lawrence",
    "last_name": "McAdams",
    "email": "lawrence.mcadams@crystalvalleycoop.com",
    "phone_number": "507-555-6789",
    "company_name": "Crystal Valley Cooperative",
    "address_line1": "721 W Humphrey St",
    "address_line2": "",
    "city": "Lake Crystal",
    "state": "MN",
    "postal_code": "56055",
    "country": "USA"
  },
  {
    "first_name": "Liam",
    "last_name": "Abernathy",
    "email": "liam.abernathy@keycoop.com",
    "phone_number": "515-555-1234",
    "company_name": "Key Cooperative",
    "address_line1": "1401 W F Ave",
    "address_line2": "",
    "city": "Nevada",
    "state": "IA",
    "postal_code": "50201",
    "country": "USA"
  },
  {
    "first_name": "Fiona",
    "last_name": "Mccormick",
    "email": "fiona.mccormick@greenstonefcs.com",
    "phone_number": "517-555-5678",
    "company_name": "GreenStone Farm Credit Services",
    "address_line1": "3515 West Rd",
    "address_line2": "",
    "city": "East Lansing",
    "state": "MI",
    "postal_code": "48823",
    "country": "USA"
  },
  {
    "first_name": "Nathaniel",
    "last_name": "Huxley",
    "email": "nathaniel.huxley@coopelevator.com",
    "phone_number": "989-555-8765",
    "company_name": "Cooperative Elevator Co.",
    "address_line1": "7211 E Michigan Ave",
    "address_line2": "",
    "city": "Pigeon",
    "state": "MI",
    "postal_code": "48755",
    "country": "USA"
  },
  {
    "first_name": "Genevieve",
    "last_name": "Devereux",
    "email": "genevieve.devereux@sunriseco-op.com",
    "phone_number": "419-555-2345",
    "company_name": "Sunrise Cooperative",
    "address_line1": "700 Broadway St",
    "address_line2": "",
    "city": "Fremont",
    "state": "OH",
    "postal_code": "43420",
    "country": "USA"
  },
  {
    "first_name": "Thaddeus",
    "last_name": "Finch",
    "email": "thaddeus.finch@andersonsinc.com",
    "phone_number": "419-555-3456",
    "company_name": "The Andersons, Inc.",
    "address_line1": "1947 Briarfield Blvd",
    "address_line2": "",
    "city": "Maumee",
    "state": "OH",
    "postal_code": "43537",
    "country": "USA"
  },
  {
    "first_name": "Tristan",
    "last_name": "Valencourt",
    "email": "tristan.valencourt@unitedprairie.com",
    "phone_number": "217-555-1234",
    "company_name": "United Prairie LLC",
    "address_line1": "123 Agronomy St",
    "address_line2": "",
    "city": "Tolono",
    "state": "IL",
    "postal_code": "61880",
    "country": "USA"
  },
  {
    "first_name": "Lucinda",
    "last_name": "Winslow",
    "email": "lucinda.winslow@mkcoop.com",
    "phone_number": "620-555-5678",
    "company_name": "Mid-Kansas Cooperative",
    "address_line1": "456 Grain Rd",
    "address_line2": "",
    "city": "Moundridge",
    "state": "KS",
    "postal_code": "67107",
    "country": "USA"
  },
  {
    "first_name": "Eamon",
    "last_name": "Hartwell",
    "email": "eamon.hartwell@cvacoop.com",
    "phone_number": "402-555-9101",
    "company_name": "Central Valley Ag Cooperative",
    "address_line1": "789 Crop Blvd",
    "address_line2": "",
    "city": "York",
    "state": "NE",
    "postal_code": "68467",
    "country": "USA"
  },
  {
    "first_name": "Bryony",
    "last_name": "Taverner",
    "email": "bryony.taverner@scc.coop",
    "phone_number": "641-555-1122",
    "company_name": "South Central Cooperative",
    "address_line1": "321 Feed Ave",
    "address_line2": "",
    "city": "Oskaloosa",
    "state": "IA",
    "postal_code": "52577",
    "country": "USA"
  },
  {
    "first_name": "Cedric",
    "last_name": "Mallory",
    "email": "cedric.mallory@rivervalley.coop",
    "phone_number": "563-555-3344",
    "company_name": "River Valley Cooperative",
    "address_line1": "654 Grainway",
    "address_line2": "",
    "city": "Davenport",
    "state": "IA",
    "postal_code": "52801",
    "country": "USA"
  },
  {
    "first_name": "Evelyn",
    "last_name": "Caldwell",
    "email": "evelyn.caldwell@greenpointag.com",
    "phone_number": "256-555-1234",
    "company_name": "GreenPoint Ag",
    "address_line1": "123 Agronomy Rd",
    "address_line2": "",
    "city": "Decatur",
    "state": "AL",
    "postal_code": "35601",
    "country": "USA"
  },
  {
    "first_name": "Gordon",
    "last_name": "Levine",
    "email": "gordon.levine@frenchmanvalley.coop",
    "phone_number": "308-555-5678",
    "company_name": "Frenchman Valley Cooperative",
    "address_line1": "456 Cooperative St",
    "address_line2": "",
    "city": "Imperial",
    "state": "NE",
    "postal_code": "69033",
    "country": "USA"
  },
  {
    "first_name": "Miriam",
    "last_name": "Donovan",
    "email": "miriam.donovan@agpartnersllc.com",
    "phone_number": "712-555-2345",
    "company_name": "Ag Partners LLC",
    "address_line1": "789 Feed Mill Ln",
    "address_line2": "",
    "city": "Albert City",
    "state": "IA",
    "postal_code": "50510",
    "country": "USA"
  },
  {
    "first_name": "Norman",
    "last_name": "Hathaway",
    "email": "norman.hathaway@alliedcooperative.com",
    "phone_number": "608-555-8765",
    "company_name": "Allied Cooperative",
    "address_line1": "321 Agronomy Ave",
    "address_line2": "",
    "city": "Adams",
    "state": "WI",
    "postal_code": "53910",
    "country": "USA"
  },
  {
    "first_name": "Serena",
    "last_name": "Fairchild",
    "email": "serena.fairchild@starofthewest.com",
    "phone_number": "989-555-3456",
    "company_name": "Star of the West Milling Co.",
    "address_line1": "654 Milling St",
    "address_line2": "",
    "city": "Frankenmuth",
    "state": "MI",
    "postal_code": "48734",
    "country": "USA"
  },
  {
    "first_name": "Calvin",
    "last_name": "McMillan",
    "email": "calvin.mcmillan@harvestlandcoop.com",
    "phone_number": "765-555-0198",
    "company_name": "Harvest Land Co-op",
    "address_line1": "123 Agri Lane",
    "address_line2": "Suite 200",
    "city": "Richmond",
    "state": "IN",
    "postal_code": "47374",
    "country": "USA"
  },
  {
    "first_name": "Elaine",
    "last_name": "Hollister",
    "email": "elaine.hollister@countryvisionscoop.com",
    "phone_number": "920-555-0172",
    "company_name": "Country Visions Cooperative",
    "address_line1": "456 Rural Route",
    "address_line2": "Unit B",
    "city": "Reedsville",
    "state": "WI",
    "postal_code": "54230",
    "country": "USA"
  },
  {
    "first_name": "Reginald",
    "last_name": "Carrington",
    "email": "reginald.carrington@premieragcoop.com",
    "phone_number": "812-555-0143",
    "company_name": "Premier Ag Co-op",
    "address_line1": "789 Farm Road",
    "address_line2": "",
    "city": "Seymour",
    "state": "IN",
    "postal_code": "47274",
    "country": "USA"
  },
  {
    "first_name": "Marissa",
    "last_name": "Donovan",
    "email": "marissa.donovan@kovafertilizer.com",
    "phone_number": "812-555-0164",
    "company_name": "Kova Fertilizer, Inc.",
    "address_line1": "321 Crop Circle",
    "address_line2": "Floor 3",
    "city": "Greensburg",
    "state": "IN",
    "postal_code": "47240",
    "country": "USA"
  },
  {
    "first_name": "Leopold",
    "last_name": "Harmon",
    "email": "leopold.harmon@landmarkservicescoop.com",
    "phone_number": "608-555-0156",
    "company_name": "Landmark Services Cooperative",
    "address_line1": "654 Agriculture Ave",
    "address_line2": "",
    "city": "Cottage Grove",
    "state": "WI",
    "postal_code": "53527",
    "country": "USA"
  },
  {
    "first_name": "Ethan",
    "last_name": "Wickman",
    "email": "ethan.wickman@westcentralag.com",
    "phone_number": "218-555-0123",
    "company_name": "West Central Ag Services",
    "address_line1": "123 Harvest Road",
    "address_line2": "",
    "city": "Ulen",
    "state": "MN",
    "postal_code": "56585",
    "country": "USA"
  },
  {
    "first_name": "Margaret",
    "last_name": "Thatcher",
    "email": "margaret.thatcher@unitedcooperative.com",
    "phone_number": "920-555-0456",
    "company_name": "United Cooperative",
    "address_line1": "456 Farm Lane",
    "address_line2": "Suite 200",
    "city": "Beaver Dam",
    "state": "WI",
    "postal_code": "53916",
    "country": "USA"
  },
  {
    "first_name": "Calvin",
    "last_name": "Hollis",
    "email": "calvin.hollis@titanpro.com",
    "phone_number": "641-555-0789",
    "company_name": "Titan Pro",
    "address_line1": "789 Cornfield Avenue",
    "address_line2": "Building 1",
    "city": "Clear Lake",
    "state": "IA",
    "postal_code": "50428",
    "country": "USA"
  },
  {
    "first_name": "Natalie",
    "last_name": "Dunbar",
    "email": "natalie.dunbar@cfelevator.com",
    "phone_number": "712-555-0112",
    "company_name": "Cooperative Farmers Elevator",
    "address_line1": "101 Grain Road",
    "address_line2": "",
    "city": "Ocheyedan",
    "state": "IA",
    "postal_code": "51354",
    "country": "USA"
  },
  {
    "first_name": "Wesley",
    "last_name": "Porter",
    "email": "wesley.porter@gfgagservices.com",
    "phone_number": "270-555-0987",
    "company_name": "GFG Ag Services",
    "address_line1": "202 Field Street",
    "address_line2": "Suite 100",
    "city": "Henderson",
    "state": "KY",
    "postal_code": "42420",
    "country": "USA"
  },
  {
    "first_name": "Roland",
    "last_name": "Thatcher",
    "email": "roland.thatcher@everde.com",
    "phone_number": "713-555-0132",
    "company_name": "Everde Growers",
    "address_line1": "1234 Plant Lane",
    "address_line2": "",
    "city": "Houston",
    "state": "TX",
    "postal_code": "77001",
    "country": "USA"
  },
  {
    "first_name": "Cassandra",
    "last_name": "Vanderbilt",
    "email": "cassandra.vanderbilt@sigmaag.com",
    "phone_number": "979-555-0245",
    "company_name": "Sigma Agriscience LLC",
    "address_line1": "5678 Organic Road",
    "address_line2": "",
    "city": "Boling",
    "state": "TX",
    "postal_code": "77420",
    "country": "USA"
  },
  {
    "first_name": "Gordon",
    "last_name": "Landry",
    "email": "gordon.landry@frionaind.com",
    "phone_number": "806-555-0378",
    "company_name": "Friona Industries LP",
    "address_line1": "9010 Feedlot Drive",
    "address_line2": "",
    "city": "Amarillo",
    "state": "TX",
    "postal_code": "79101",
    "country": "USA"
  },
  {
    "first_name": "Deborah",
    "last_name": "Briggs",
    "email": "deborah.briggs@happyhenfarms.com",
    "phone_number": "325-555-0489",
    "company_name": "Happy Hen Egg Farms",
    "address_line1": "2345 Eggshell Avenue",
    "address_line2": "",
    "city": "Junction",
    "state": "TX",
    "postal_code": "76849",
    "country": "USA"
  },
  {
    "first_name": "Sylvester",
    "last_name": "Holmes",
    "email": "sylvester.holmes@berrynurseries.com",
    "phone_number": "972-555-0593",
    "company_name": "Berry Family of Nurseries",
    "address_line1": "3456 Nursery Way",
    "address_line2": "",
    "city": "Irving",
    "state": "TX",
    "postal_code": "75014",
    "country": "USA"
  },
  {
    "first_name": "Eleanor",
    "last_name": "Redwood",
    "email": "eleanor.redwood@craftherbs.com",
    "phone_number": "512-555-0123",
    "company_name": "Craft Herbs",
    "address_line1": "123 Herbal Lane",
    "address_line2": "",
    "city": "Austin",
    "state": "TX",
    "postal_code": "73301",
    "country": "USA"
  },
  {
    "first_name": "Gideon",
    "last_name": "Rivers",
    "email": "gideon.rivers@localsodfarm.com",
    "phone_number": "713-555-0456",
    "company_name": "LocalSodFarm.com",
    "address_line1": "456 Green Field",
    "address_line2": "Suite 100",
    "city": "Houston",
    "state": "TX",
    "postal_code": "77001",
    "country": "USA"
  },
  {
    "first_name": "Lavinia",
    "last_name": "Hawthorne",
    "email": "lavinia.hawthorne@mahardeggfarm.com",
    "phone_number": "469-555-0789",
    "company_name": "Mahard Egg Farm",
    "address_line1": "789 Eggshell Drive",
    "address_line2": "",
    "city": "Prosper",
    "state": "TX",
    "postal_code": "75078",
    "country": "USA"
  },
  {
    "first_name": "Orion",
    "last_name": "Fletcher",
    "email": "orion.fletcher@stoller.com",
    "phone_number": "713-555-1011",
    "company_name": "Stoller",
    "address_line1": "101 Plant Avenue",
    "address_line2": "",
    "city": "Houston",
    "state": "TX",
    "postal_code": "77002",
    "country": "USA"
  },
  {
    "first_name": "Seraphina",
    "last_name": "Meadows",
    "email": "seraphina.meadows@vitalfarms.com",
    "phone_number": "512-555-1213",
    "company_name": "Vital Farms",
    "address_line1": "1213 Pasture Road",
    "address_line2": "",
    "city": "Austin",
    "state": "TX",
    "postal_code": "73301",
    "country": "USA"
  },
  {
    "first_name": "Ethan",
    "last_name": "Bauer",
    "email": "ethan.bauer@texasfarmcredit.com",
    "phone_number": "361-555-1234",
    "company_name": "Texas Farm Credit",
    "address_line1": "123 Farm Rd",
    "address_line2": "Suite 200",
    "city": "Robstown",
    "state": "TX",
    "postal_code": "78380",
    "country": "USA"
  },
  {
    "first_name": "Sophia",
    "last_name": "Ramos",
    "email": "sophia.ramos@agtexas.com",
    "phone_number": "806-555-5678",
    "company_name": "AgTexas Farm Credit Services",
    "address_line1": "456 Farmer St",
    "address_line2": "",
    "city": "Lubbock",
    "state": "TX",
    "postal_code": "79401",
    "country": "USA"
  },
  {
    "first_name": "Lucas",
    "last_name": "Holland",
    "email": "lucas.holland@farmcreditbankoftexas.com",
    "phone_number": "512-555-9012",
    "company_name": "Farm Credit Bank of Texas",
    "address_line1": "789 Agrarian Ave",
    "address_line2": "Suite 300",
    "city": "Austin",
    "state": "TX",
    "postal_code": "73301",
    "country": "USA"
  },
  {
    "first_name": "Olivia",
    "last_name": "Navarro",
    "email": "olivia.navarro@transpecosfoods.com",
    "phone_number": "432-555-3456",
    "company_name": "Trans Pecos Foods",
    "address_line1": "101 Industrial Blvd",
    "address_line2": "",
    "city": "Fort Stockton",
    "state": "TX",
    "postal_code": "79735",
    "country": "USA"
  },
  {
    "first_name": "Aiden",
    "last_name": "Huff",
    "email": "aiden.huff@naegelinfarms.com",
    "phone_number": "210-555-7890",
    "company_name": "Naegelin Farms",
    "address_line1": "202 Agriculture Ln",
    "address_line2": "",
    "city": "San Antonio",
    "state": "TX",
    "postal_code": "78201",
    "country": "USA"
  },
  {
    "first_name": "Harold",
    "last_name": "Finch",
    "email": "harold.finch@winfieldunited.com",
    "phone_number": "713-555-0123",
    "company_name": "Winfield United",
    "address_line1": "123 Agri Lane",
    "address_line2": "",
    "city": "Houston",
    "state": "TX",
    "postal_code": "77001",
    "country": "USA"
  },
  {
    "first_name": "Annalise",
    "last_name": "Keating",
    "email": "annalise.keating@silveusins.com",
    "phone_number": "940-555-4567",
    "company_name": "Silveus Insurance Group",
    "address_line1": "456 Crop Circle",
    "address_line2": "Suite 300",
    "city": "Denton",
    "state": "TX",
    "postal_code": "76201",
    "country": "USA"
  },
  {
    "first_name": "Elliot",
    "last_name": "Alderson",
    "email": "elliot.alderson@tysonfoods.com",
    "phone_number": "479-555-7890",
    "company_name": "Tyson Foods",
    "address_line1": "789 Poultry Drive",
    "address_line2": "",
    "city": "Springdale",
    "state": "AR",
    "postal_code": "72764",
    "country": "USA"
  },
  {
    "first_name": "Nina",
    "last_name": "Sharp",
    "email": "nina.sharp@cargill.com",
    "phone_number": "952-555-1122",
    "company_name": "Cargill",
    "address_line1": "1122 Agronomy Way",
    "address_line2": "",
    "city": "Wayzata",
    "state": "MN",
    "postal_code": "55391",
    "country": "USA"
  },
  {
    "first_name": "Walter",
    "last_name": "Bishop",
    "email": "walter.bishop@adm.com",
    "phone_number": "312-555-3344",
    "company_name": "ADM",
    "address_line1": "3344 Processing Avenue",
    "address_line2": "",
    "city": "Chicago",
    "state": "IL",
    "postal_code": "60601",
    "country": "USA"
  },
  {
    "first_name": "Oliver",
    "last_name": "Thatcher",
    "email": "oliver.thatcher@bayercropscience.com",
    "phone_number": "919-555-0101",
    "company_name": "Bayer CropScience",
    "address_line1": "2 TW Alexander Dr",
    "address_line2": "",
    "city": "Research Triangle Park",
    "state": "NC",
    "postal_code": "27709",
    "country": "USA"
  },
  {
    "first_name": "Camilla",
    "last_name": "Siegfried",
    "email": "camilla.siegfried@syngenta.com",
    "phone_number": "+41-61-555-0202",
    "company_name": "Syngenta",
    "address_line1": "Rosentalstrasse 67",
    "address_line2": "",
    "city": "Basel",
    "state": "",
    "postal_code": "4002",
    "country": "Switzerland"
  },
  {
    "first_name": "Harrison",
    "last_name": "Keating",
    "email": "harrison.keating@dfamilk.com",
    "phone_number": "816-555-0303",
    "company_name": "Dairy Farmers of America",
    "address_line1": "1405 N 98th St",
    "address_line2": "",
    "city": "Kansas City",
    "state": "MO",
    "postal_code": "64155",
    "country": "USA"
  },
  {
    "first_name": "Eleanor",
    "last_name": "Winslow",
    "email": "eleanor.winslow@landolakes.com",
    "phone_number": "651-555-0404",
    "company_name": "Land O’Lakes",
    "address_line1": "4001 Lexington Ave N",
    "address_line2": "",
    "city": "Arden Hills",
    "state": "MN",
    "postal_code": "55126",
    "country": "USA"
  }
]
